1;Pereira, Yvonne A.;FEB;Ressureição e vida;Romance;3
2;Flammarion, Camille;Fed Esp brasileira;Estela;Romance;1
3;Franco, Divaldo Pereira;Liv. Esp. Alvorada;Nas fronteira da loucura;Romance;2
4;Xavier, Francisco C.;FEB;Ave Cristo;Romance;2
5;Pereira, Yvonne A.;FEB;Memórias de um suícida;Romance;2
6;Pires, J. Herculano;Edicel;Lázaro;Romance;1
7;Rochester, J. W. ;FEB;Herculanum;Romance;1
8;Carvalho, Vera Lúcia Marinzeck;Petit;Filho adotivo;Romance;2
9;Vieira, Waldo;C.E. Cristã;Cristo espera por ti;Romance;2
10;Franco, Divaldo Pereira;Fed Esp brasileira;Párias em redenção;Romance;1
11;Lanza, Celestina A. ;FEB;O beijo da morta;Romance;1
12;Gama, Zilda;Cult Espirita;Seara bendita;Romance;3
13;Franco, Divaldo Pereira;Liv. Esp. Alvorada;Grilhões Partidos;Romance;3
14;Ó, Fernando do;FEB;Apenas uma sombra de mulher;Romance;3
15;Pereira, Yvonne A.;FEB;O cavaleiro de Numiers;Romance;2
16;Oliveira, Armando F.;Dolar;Jornadas da redenção;Romance;1
17;Xavier, Francisco C.;FEB;Lázaro Redivivo;Romance;3
18;Franco, Divaldo Pereira;Liv. Esp. Alvorada;Quando voltar a primavera;Evangelico;1
19;Franco, Divaldo Pereira;Fed Esp brasileira;Nos batidores da obsessão;Romance;5
20;Carvalho, Vera Lúcia Marinzeck;Petit;Vivendo no mundo dos Espíritos;Romance;5
21;Franco, Divaldo Pereira;Liv. Esp. Alvorada;Painéis da obsessão;Romance;3
22;Sardou, Vitorien;O Clarim;Amargo despertar;Romance;3
23;Raniere, R. A.;Eco;O sexo além da morte;Romance;2
24;Gasparetto, Zibia;Espaço;Laços Eternos;Romance;7
25;Surinach, José;FEB;Memórias de uma alma;Romance;1
26;Lanza, Celestina A. ;FEB;O espírito das trevas;Romance;1
27;Frungilo, Wilson Junior;Inst. Dif. Esp;Do outro lado;Romance;3
28;Barclay, Florence L.;Clarim;Voltou mas esqueceu;Romance;3
29;Poletto, Juarez ;HDC;Anjo fatal;Romance;1
30;Rochester, J. W. ;FEB;Sinal da vitória;Romance;1
31;Pereira, Yvonne A.;FEB;Nas voragens do pecado;Romance;2
32;Bourdim, Antoinette;Fed Esp brasileira;Memórias da loucura;Romance;2
33;Hesse, Hermann;Record;Demiam;Romance;1
34;Gama, Zilda;Fed Esp Bras;Almas crucificadas;Romance;1
35;Flammarion, Camille;Fed Esp brasileira;Urânia;Cientifico;3
36;Curti, Rino;Fed Esp brasileira;O divulgador espírita - Vol 2 e 3;Cientifico;1
37;Gibier, Paul;Fed Esp Bras;O espiritismo;Científico;1
38;Bozzano, Ernesto;Fed Esp brasileira;Fenômenos psíquicos;Cientifico;1
39;Kardec, Allan;Ed. Diversas;O evagelho segundo o espiritismo;Doutrinário;7
40;Kardec, Allan;Ed. Diversas;A Gênese;Doutrinário;3
41;Kardec, Allan;Ed. Diversas;Livro dos médiuns;Doutrinário;5
42;Kardec, Allan;Ed. Diversas;Livro dos espirítos;Doutrinário;5
43;Kardec, Allan;Ed. Diversas;Obras Póstuma;Doutrinário;3
44;Kardec, Allan;C. do Bem;O que é o espiritismo;Doutrinário;3
45;Kardec, Allan;C. do Bem;Doutrina espiríta;Doutrinário;2
46;Kardec, Allan;Lumen;O principiante espírita;Doutrinário;1
47;Franco, Divaldo Pereira;Liv. Esp. Alvorada;Filigramas de luz;Poesia e trova;3
48;Franco, Divaldo Pereira;Liv. Esp. Alvorada;Poema de luz;Poesia e trova;1
49;Junqueira, Iron;Rio Bonito;Canção do amanhecer;Poesia e trova;1
50;Junqueira, Iron;C.E.;Canção da esperança;Poesia e trova;1
51;Kolody, Helena;Gráfica;Infinito presente;Poesia e trova;1
52;Formiga, Eurícledes;Inst. Dif. Espirita;Luz na madrugada;Poesia e trova;3
53;Xavier, Francisco C.;CEC;Encontro de paz;Dissertação;2
54;Xavier, Francisco C.;CEC;A vida conta;Poesias e Trovas;2
55;Xavier, Francisco C.;FEB;Pérolas do além;Poesias e Trovas;2
56;Vieira, Waldo;IDE;Sonetos de vida e luz;Poesias e Trovas;1
57;Xavier, Francisco C.;IDE;Rosas com amor;Poesias e Trovas;1
58;Xavier, Francisco C.;FEB;Parnaso de além túmulo;Poesias e Trovas;2
59;Xavier, Francisco C.;O Clarim;Coisas deste mundo;Poesias e Trovas;2
60;Luciano, Francisco;Água Viva;Infância cristã;Infantil;1
61;Penteado, Maria Heloisa;FTD;Dona Quitéria;Infantil;1
62;Colassanti, Marina;Nórdica;Uma idéia toda azul;Infantil;1
63;Jacinto, Roque;Cultura;As cinco moedas;Infantil;1
64;Matos, Neide Simões;Scipone;A vida no campo ;Infantil;1
65;Barbosa, Marcos José olimpio;;O menino do dedo verde;Infantil;1
66;Xavier, Francisco C.;FEB;Novas Mensagens;Contos e Crônicas;1
67;Xavier, Francisco C.;FEB;E a vida continua;Vida no além;3
68;Castro, Almerindo M. de ;Fed Esp brasileira;O martírio dos suícidas;Vida no além;1
69;Franco, Divaldo Pereira;Liv. Esp. Alvorada;Além da morte;Vida no além;2
70;Bozzano, Ernesto;Fed Esp brasileira;A crise da morte;Vida no além;1
71;Xavier, Francisco C.;FEB;Voltei;Vida no além;3
72;Rodrigues, A. Fernandes;Petit;Como vivem os Espíritos;Vida no além;2
73;Xavier, Francisco C.;FEB;Libertação;Vida no além;3
74;Worn, Fernando;Caminho da Redenção;Vida e obra de Divaldo P. Franco;Biografia entr;3
75;Bacelli, Carlos A;Alvorada;Divaldo Pereira Franco em Uberaba;Biog. e entrevistas;3
76;Pinto, Fernando ;M. da Fé;Divaldo médium ou gênio;Biografia entr;2
77;Gama, Ramiro;Lake;Lindos casos de Chico Xavier;B. e Entrev;1
78;Monteiro, Eduardo C.;S.B.do Campo;Vida de Jesus Gonçalves;Biografia e entrevista;1
79;Gama, Ramiro;Lake;Lindos casos de Bezera de Menezes;B. e Entrev;2
80;Raniere, R. A.;Lake;Chico Xavier ;Biografia entr;2
81;Xavier, Francisco C.;Lake;Chico Xavier/ dos Hippies aos pais do mundo;Biografia entr;1
82;Jacinto, Roque;Cultura;Chico Xavier - 40 anos no mundo da mediunidade;Biografia entr;1
83;Xavier, Francisco C.;IDE;Entrevistas;Biografia entr;2
84;Barbosa, Elias;Dif. Espirita;No mundo de Chico Xavier;Biog. e entrevistas;4
85;Rosin, Zilda Giunchetti;Calvário;Morte e vida;Mensagem Familiar;1
86;Anjos, Rose dos;Ref. Editora;Reflexos da vida maior;Mensagem Familiar;1
87;Wynn, Walter;O Clarim;Meu filho vive no além;Mensagem Familiar;1
88;Xavier, Francisco C.;IDE;Quem são?;Mensagem Familiar;1
89;Xavier, Francisco C.;IDE;Notícias do além;Mensagem Familiar;1
90;Formiga, Eurícledes;Inst. Dif. Espirita;Motoqueiros no além;Mensagem Familiar;3
91;Xavier, Francisco C.;IDE;Presença de Laurindo;Mensagem Familiar;1
92;Xavier, Francisco C.;IDE;Comando do amor;Mensagem Familiar;2
93;Xavier, Francisco C.;IDE;Retornaram contando;Mensagem Familiar;1
94;Xavier, Francisco C.;IDE;Reencontros;Mensagem Familiar;2
95;Xavier, Francisco C.;IDE;Venceram;Mensagem Familiar;1
96;Rosin, Zilda Giunchetti;Calvário;Perdas de entes queridos;Mensagem Familiar;2
97;Xavier, Francisco C.;IDE;Porto de alegria;Dissertação;1
98;Xavier, Francisco C.;GEEM;Jovens no além;Mensagem Familiar;1
99;Xavier, Francisco C.;IDE;Eles voltaram;Mensagem Familiar;1
100;Xavier, Francisco C.;IDE;Claramente vivos;Mensagem Familiar;1
101;Xavier, Francisco C.;IDE;Vitória;Mensagem Familiar;2
102;Xavier, Francisco C.;Ed. Andre Luiz;Amor e luz;Mensagem Familiar;2
103;Xavier, Francisco C.;IDE;Antenas de luz;Mensagem Familiar;2
104;Xavier, Francisco C.;IDE;Brilhe a vossa luz;Meditação;3
105;Gentile, Salvador;Inst. Dif. Esp;Escola da vida;Poesia e trova;1
106;Xavier, Francisco C.;Ed. Andre Luiz;Aulas de vida ;Meditação;1
107;Xavier, Francisco C.;IDE;Ponte de paz;Meditação;1
108;Xavier, Francisco C.;IDE;Coragem;Meditação;1
109;Alves, Nércio Antonio;Lenico;Sempre Dócil;Meditação;1
110;Espíritos diversos;Progresso;Noticias do Cristo;Meditação;1
111;Vieira, Waldo;FEB;Conduta espirita;Meditação;3
112;Xavier, Francisco C.;FEB;Agenda cristã;Dissertação;2
113;Xavier, Francisco C.;IDE;Viajor;Meditação;1
114;Franco, Divaldo Pereira;Liv. Esp. Alvorada;Viver e amar;Meditação;1
115;Xavier, Francisco C.;FEB;Luz acima;Contos e Crônicas;1
116;Rodrigues, Henrique;Lar ABC;Contos que a vida conta;Contos e Crônicas;1
117;Bacelar, Dolores;S.B. do Campos;A sombra do olmeiro (um jardineiro);Contos e Crônicas;1
118;Xavier, Francisco C.;FEB;Crônicas do além túmulo;Contos e Crônicas;2
119;Amigo, José;Fed Esp brasileira;Roma e o evangelho;Filosófico;1
120;Denis, Leon;O Clarim;Socialismo e espiritismo;Filosófico;1
121;Aguard, Angel ;Fed Esp brasileira;Grandes e pequenos problemas;Filosófico;2
122;Denis, Leon;Fed Esp brasileira;O problema do ser do destino e da dor;Mediunidade;3
123;Jacinto, Roque;Edicel;Celeiros de luz;Filosofia;1
124;Alves, Nércio Antonio;Lenico;Algemados;Filosófico;1
125;Maes, Hercílio; Freitas Bastos;Mediunismo;Filosofia;2
126;Xavier, Francisco C.;FEB;Brasil/ Coração do mundo pátria do evangelho;Filosofia;3
127;Teixeira, Edith;Tatui;Como conhecer Deus;Filosofia;1
128;Franco, Divaldo Pereira;Liv. Esp. Alvorada;Messe de amor;Dissertação;2
129;Franco, Divaldo Pereira;Alvorada;Momentos de decisão;Dissertação;3
130;Martins, Celso;A.B.C.;Ponto de encontro;Dissertação;1
131;Mota, Eliseru F. Júnior;O Clarim;Pena de morte e crimes Hediondos;Dissertação;2
132;Simonetti, Richard;FEB;Para viver a grande mensagem;Dissertação;2
133;Peralva, Martins ;UEM;Mensageiro do bem;Dissertação;1
134;Franco, Divaldo Pereira;Capemi;Enfoques espíritas;Dissertação;1
135;Franco, Divaldo Pereira;Alvorada;Terapêutica de emergencia;Dissertação;2
136;Franco, Divaldo Pereira;Alvorada;Seara do bem;Cientifico;1
137;Amorin, Deolindo;Celd.;O espiritismo e as doutrinas Espiritualistas;Dissertação;1
138;Xavier, Francisco C.;FEB;Cura;Dissertação;1
139;Franco, Divaldo Pereira;;Florações evangélicas;Dissertação;1
140;Soler, Amalia Domigos;IDE;Reencarnação e vida ;Dissertação;1
141;Franco, Divaldo Pereira;Alvorada;Depois da vida;Dissertação;1
142;Simonetti, Richard;São João;Quem tem medo da morte;Dissertação;4
143;Vieira, Waldo;C.E. Cristão;Técnica de viver;Meditação;2
144;Vieira, Waldo;ID;Seareiro de volta;Dissertação;2
145;Caligaris, Rodolfo;Fed Esp brasileira;A vida em família;Dissertação;2
146;Franco, Divaldo Pereira;Alvorada;A luz do espiritismo;Dissertação;1
147;Miranda, Dirce Moraes;E.C.E;Cruz de redenção;Dissertação;1
148;Simonetti, Richard;São João;A constituição divina;Dissertação;2
149;Xavier, Francisco C.;FEB;Luz no lar;Dissertação;2
150;Xavier, Francisco C.;FEB;Os mensageiros;Vida no além;2
151;Xavier, Francisco C.;Lake;Cartas de uma morta;Dissertação;1
152;Xavier, Francisco C.;GEEM;Mais luz;Dissertação;3
153;Franco, Divaldo Pereira;FEB;Temas da vida e da morte;Dissertação;2
154;Xavier, Francisco C.;FEB;Encontro marcado;Dissertação;2
155;Xavier, Francisco C.;Ed. S/a;Instrumento do tempo;Dissertação;2
156;Santos, José dos Santos Junior;;Mensagem de além tumulo;Dissertação;1
157;Xavier, Francisco C.;O Clarim;Mãe;Dissertação;1
158;Xavier, Francisco C.;FEB;Roteiro;Dissertação;3
159;Franco, Divaldo Pereira;Alvorada;Sementeira da fraternidade;Dissertação;1
160;Franco, Divaldo Pereira;Alvorada;Depoimentos vivos;Dissertação;3
161;Formiga, Eurícledes;Inst. Dif. Espirita;Centelhas da vida;Dissertação;1
162;Franco, Divaldo Pereira;Alvorada;Rumos libertadores;Dissertação;1
163;Franco, Divaldo Pereira;Alvorada;Legado Kardequiano;Dissertação;2
164;Xavier, Francisco C.;FEB;Boa nova;Evangélico;1
165;Pereira, Yvonne A.;CELD;Cânticos do coração (VI e VII;Dissertação;3
166;Franco, Divaldo Pereira;IDE;Florilégios espirituais;Dissertação;3
167;Franco, Divaldo Pereira;Alvorada;Espírito e vida;Dissertação;3
168;Franco, Divaldo Pereira;Alvorada;Sementes de vida eterna;Dissertação;1
169;Xavier, Francisco C.;CEC;Caminho espírita;Dissertação;1
170;Xavier, Francisco C.;Andre Luiz;Seara da fé;Dissertação;1
171;Xavier, Francisco C.;CEC;Paz e renovação;Dissertação;2
172;Xavier, Francisco C.;GEEM;Sinais de rumo;Dissertação;1
173;Xavier, Francisco C.;FEB;Estude a vida;Dissertação;1
174;Franco, Divaldo Pereira;FEB;Lampadária espírita;Dissertação;1
175;Schutel, Caibar;O Clarim;Cartas a esmo;Dissertação;1
176;Xavier, Francisco C.;FEB;Pão nosso;Evangélico;2
177;Xavier, Francisco C.;IDE;Dinheiro;Dissertação;1
178;Franco, Divaldo Pereira;Alvorada;Do abismo às estrelas;Romance;2
179;Maes, Hercílio; Freitas Bastos;A filosofia da alma;Mediunidade;1
180;Franco, Divaldo Pereira;Frater;Diretrizes de segurança;Mediunidade;4
181;Xavier, Francisco C.;FEB;Mecanismo da mediunidade;Mediunidade;2
182;Schubert, Sueli Calda;FEB;Obesessão e desobessão;Mediunidade;2
183;Xavier, Francisco C.;FEB;Desobsessão;Mediunidade;3
184;Peralva, Martins ;;Estudando a mediunidade;Mediunidade;1
185;D\' Esperance;Fed Esp brasileira;No pais das sombras;Mediunidade;1
186;Orphanaki, Edson;F. Editora;Mediunidade e seus problemas;Mediunidade;1
187;Pereira, Yvonne A.;FEB;Desventando o invisível;Mediunidade;2
188;Denis, Leon;Fed Esp brasileira;No invisível;Filosófico;3
189;Miranda, Herminio C.;Alvorada;Historia que os Espíritos contaram;Mediunidade;2
190;Jacinto, Roque;Edicel;Tratamento da obsessão;Mediunidade;1
191;Camargo, Pedro;Fed Esp brasileira;O mestre na educação;Evangélico;1
192;Caligaris, Rodolfo;Fed Esp brasileira;O sermão de montanha;Evangelico;1
193;Enzler, Clarice J.;Paulinas;Cristo minha vida;Evangelico;1
194;Franco, Divaldo Pereira;Alvorada;Primícias do rumo;Dissertação;2
195;Xavier, Francisco C.;FEB;Vinha de luz;Evangélico;3
196;Franco, Divaldo Pereira;Alvorada;Glossário, espírita Cristão;Meditação;2
197;Franco, Divaldo Pereira;Editora;Repositório de sabedoria;Dissertação;2
198;Soler, Amalia Domigos;IDE;Palavras do alvorecer;Infantil;1
199;Bacelar, Dolores;Borsai;Rosa imortal;Poesia e trova;2
200;Denis, Leon;Fed Esp brasileira;O porque da vida;Filosófico;1
201;Denis, Leon;Fed Esp brasileira;O além e a sobrevivência do ser;Filosófico;1
202;Xavier, Francisco C.;FEB;Nosso lar;Vida no além;2
203;Machado, Irene Pacheco;Ipiranga;Um jardim de esperança;Vida no além;2
204;Franco, Divaldo Pereira;Mansão do caminho;Leis morais;Dissertação;2
205;Xavier, Francisco C.;IDE;Mãos marcadas;Dissertação;2
206;Carvalho, Vera Lúcia Marinzeck;Petit;Aconteceu;Romance;3
207;Franco, Divaldo Pereira;;Árdua ascesão;Romance;3
208;Lodge, Sir. Oliver ;Edigráfica;Raymond ;Romance;1
209;Xavier, Francisco C.;FEB;50 anos depois;Romance;4
210;Gasparetto, Zibia;Espaço;Somos todos inocentes;Romance;3
211;Frungilo, Wilson Junior;Inst. Dif. Esp;Bairro dos estranhos;Romance;5
212;Machado, Irene Pacheco;Gráfica Ipiranga;Na esperança de uma nova vida;Vida no além;2
213;Camacho, M. ;Livreiro Ltda;Maria Madalena;Romance;1
214;Castro, Monica;Lumem;Rosana a terceira vítima fatal;Romance;1
215;Andrade, Hernani Guimarães;Pensamento;Renasceu por amor;Romance;1
216;Mann, John;Alvorada;Corpo de luz;;1
217;Morato, ângelo;ABC;Oceanos do Infinito;;1
218;Martins, Romualdo Joaquim;Saraiva;Memoria de um médium;;2
219;Rossi, Marlene E.;FEA;A mulher na dimensão;Espirita;1
220;Trigueiriho;Pensamento;Os números e a vida ;;1
221;Trigueiriho;Pensamento;Bases do mundo ardente;;1
222;Trigueiriho;Pensamento;Hora de curar;;1
223;Trigueiriho;Pensamento;Novos oráculos;;1
224;Trigueiriho;Pensamento;Um novo impulso astrológico;;1
225;Curti, Rino;Lake;Espirítismo e conhecimento;Cientifico;1
226;Carvalho, Vera Lúcia Marinzeck;Petit;Reparando erros;Romance;2
227;Ferreira, J. A . Filho;Correio da semana;Arigó e sua mediunidade;Entrevista e Biografia;1
228;Alves, Nércio Antonio;G. E. Ltda;Nós Abortamos;Dissertação;4
229;Alves, Nércio Antonio;G. E. Ltda;Liberta-me;;1
230;Alves, Nércio Antonio;G. E. Ltda;Afogados;Filosófico;2
231;Polidoro, Osvaldo ;Crística;A bíblia dos espiritas;;1
232;Paula, João Teixeira;Editora;Dicionário da parapsicologia;;1
233;Rilke, Rainer M. ;Editora;Poemas e cartas de jovem poeta;;2
234;Trevisan, Lauro ;Ed Distribuidora;O poder infinito de sua mente;;1
235;Drangand, J;Tecnoprint;Parapsicologia;Espiritualista;1
236;Anjos, Luciane dos e Hernani C. Miranda;Fed Esp brasileira;Crônicas de um e de outro;Dissertação;1
237;Gasparetto, Zibia;Espaço;O amor venceu;Romance;1
238;Zezinho, Padre ;Paulinas;O diálogo da vida;;1
239;Rohden, Humberto ;Freitas Bastos;A voz do silencio;Espiritualista;2
240;Macari, N.;Paulinas;Cristãos hoje;Espiritualista;1
241;Angarame, Osvaldo Luiz;Eco;Credo espírita;;1
242;Pedroso, Milton;EGRT;Fantasma em orós;;1
243;Armond, Edgard;Aliança;Na semeadura;;1
244;Prado, Loureço;Pensamento;Criar novo destino;;1
245;Prado, Loureço;Pensamento;Alegria e triunfo;;1
246;Krishina, Murt J. ;Graf. Fassolilo;O homem em confrito;Espiritualista;1
247;Quoist, Michel;Carioca;Construir o homem e o mundo;Espiritualista;2
248;Ferreira, Inácio;Dif. Cultura;A psiquiatria em fase da reencarnação;Cientifico;1
249;Roads, Michel J.;Pensamento;A natureza e o despertar de seu mundo interior;;1
250;Pinillos, José Luiz;Verbo;Segredos da vida mental;;1
251;Ortiz, L. M.;CAPD;Saule a feiticeira;;1
252;Xavier, Francisco C.;FEB;Evolução em dois mundos;Científico;2
253;Brennan, Bárbara Ann.;Pensamento;Mãos de luz;Espiritualista;2
254;Garcia, Wilson;Nova Ação;O centro espírita;Dissertação;1
255;Pinho, João de Deus;EFSJ;O destino do homem;;1
256;Buck, Pearl S;Parma;A senhora Stoner e o mar;Romance;1
257;Neill, A. S.;Ibras;Liberdade sem excesso;;1
258;Espirita anuario;;1976/1982/1987/1992/1986/1979/1985/1988/1984/1981/1997/1983;;
259;Gibram, Kahlil;Record;Espíritos rebeldes;;2
260;Maes, Hercílio; Freitas Bastos;Missão do espiritismo;Espiritualidade;1
261;Rohden, Humberto;Freitas Bastos;Isis;;1
262;Fayad, Aiçor;Nova era;O terceiro Milenio Irmão X;;1
263;Amigo, José;Edicel. Ed;Nicodemus;;1
264;Centro Redentor;Centro Redentor;A vida fora da matéria;;1
265;Denis, Leon;Fed Esp brasileira;Cristianismo e espiritismo;Filosófico;2
266;Hunt, Roland;Pensamento;A sete chaves da cura pela cor;Espiritualista;1
267;Gentile, Salvador;Inst. Dif. Esp;Libertação;Romance;2
268;Xavier, Francisco C.;FEB;Caminho, verdade e vida;Evangélico;5
269;Schutel, Caibar;O Clarim;O espiríto do cristianismo;Dissertação;1
270;Jacinto, Roque;Edicel;Passe e passista;Científico;1
271;Lorenz, Francisco V.;FEB;Esperanto sem mestre;Esperanto;1
272;Xavier, Francisco C.;FEB;Fonte viva;Evangélico;3
273;Franco, Divaldo Pereira;Lisgráfica;Autodescobrimento;Dissertação;2
274;Xavier, Francisco C.;Ideal;Busca e acharás;Meditação;3
275;Vascocelos, Marilusa M.;Edicel;Confidencia de um inconfidente;Romance;1
276;Gasparetto, Zibia;Espaço;Quando a vida escolhe;Romance;3
277;Gasparetto, Zibia;Espaço;Voltas que a vida dá;Contos e Crônicas;2
278;Carvalho, Vera Lúcia Marinzeck;Petit;Vôo da gaivota;Vida no além;4
279;Carvalho, Vera Lúcia Marinzeck;Petit;Valeu a pena;Espíritos diversos;1
280;Carvalho, Vera Lúcia Marinzeck;Petit;Palco das encarnações;Romance;1
281;Xavier, Francisco C.;IDE;Cidade no além;Vida no além;4
282;Correa, Rubens;Ipês;Dr. Leocádio - historia de uma vida;biografia e entrevista;1
283;Kuhl, Eurípedes;Petit;Infidelidade e perdão;Romance;1
284;Camargo, Célia Xavier;Lisgráfica;Céu azul;Romance;1
285;Ohlhaver, Henrich;O Clarim;Os mortos vivem;Científico;1
286;Gentile, Salvador;Inst. Dif. Esp;Senzala;Romance;4
287;Xavier, Francisco C.;O Clarim;Meimei-vida e mensagem;Biografia entr;1
288;Kardec, Allan;Ed. Diversas;O céu e o inferno;Doutrinário;3
289;Cunha, Heigorina;;A força da mente;Dissertação;2
290;Weiss, Brian;Salamandra;Só o amor é real;Espiritualista;2
291;Weiss, Brian;Salamandra;Muitas vidas, muitos mestres;Espiritualista;1
292;Lourenço, Sérgio;;Médiuns, mediunidade e fenômenos mediunicos;Mediunidade;1
293;Rosin, Zilda Giunchetti;Lake;Correio de luz;Mensagem Familiar;2
294;Rochester, J. W. ;FEB;Noema, a bruxa;Romance;1
295;Paiva, Antonio Correa;Nova Letra;Fundamentos do espiritismo;Doutrinário;1
296;Surinach, José;Lake;Zoraida - história de duas vidas;Romance;1
297;Carvalho, Vera Lúcia Marinzeck;Petit;A casa do escritor;Vida no além;5
298;Gasparetto, Zibia;Espaço;A verdade de cada um;Romance;4
299;Pires, J. Herculano;Edicel;Madalena;Romance;1
300;Gibram, Kahlil;Record;Mensagens espirituais;;1
301;;Pensamento;Guia da mediunidade;Mediunidade;1
302;Bastos, Demétrio Pavel;Inst. Maria;Médium quem é quem não é;Mediunidade;2
303;Mota, Eliseu F. Júnior;O Clarim;Aborto;Dissertação;1
304;Gasparetto, Zibia;Dag grafica;O fio do destino;Romance;1
305;Xavier, Francisco C.;GEEM;Vida e caminho;;1
306;Xavier, Francisco C.;FEB;Vida e sexo;Dissertação;3
307;Franco, Divaldo Pereira;Alvorada;Dimensões da verdade;Dissertação;1
308;Miranda, Herminio C.;FEB;Diálogo com as sombras;Mediunidade;1
309;Peralva, Martins ;FEB;Mediunidade e evolução;Mediunidade;3
310;Xavier, Francisco C.;FEB;Abrigo;Meditação;3
311;Xavier, Francisco C.;IDE;Pai nosso;Infantil;2
312;Raniere, R. A.;Dago;A segunda morte;;1
313;Aguaroné, F.;Aliança;Bezerra de Menezes;Biog e entrev;2
314;Yourcenar, Marguerite;;Memórias de Adriano;Romance;1
315;Rodrigues, Wallace Leal V.;O Clarim;Esquina da pedra;Romance;1
316;Dick, R. A .;O Clarim;Vozes na casa;Romance;1
317;Soler, Amalia Domigos;;Memórias do padre Germano;Romance;3
318;Montgamery, Ruth;Record;A vida no além túmulo;Romance;1
319;Yourcenar, Marguerite;;A obra do negro;Romance;1
320;Carvalho, Irene;Lake;Amanhã será outro dia;Romance;1
321;Franco, Divaldo Pereira;Fed Esp Bras;Sublime expiação;Romance;2
322;Franco, Divaldo Pereira;Fed Esp Bras;Loucura e obsessão;Romance;2
323;Xavier, Francisco C.;FEB;Entre a terra e o céu;Vida no além;2
324;Xavier, Francisco C.;FEB;Missionários de luz;Vida no além;4
325;Xavier, Francisco C.;FEB;No mundo maior;Vida no além;1
326;Xavier, Francisco C.;FEB;Ação e reação;Vida no além;3
327;Kundera, Milan;Editora;Risíveis amores;Romance;1
328;Xavier, Francisco C.;FEB;Obreiros da vida eterna;Vida no além;1
329;Effendi, Shoghi;;A presença de Deus;Espiritualista;1
330;Gentile, Salvador;Inst. Dif. Esp;O passe magnético;Científico;1
331;Jacinto, Roque;Luz no Lar;Fabiano de Cristo;Biografia entr;1
332;Sardano, Miguel de Jesus;Luz do Lar;Nas pegadas do nazareno;Biog Dissertação;1
333;Noronha, A. G. Fonseca;Alvorada;O peregrino do senhor;Biografia entr;1
334;Schubert, Sueli Calda;Alvorada;O semeador de estrelas;Mediunidade;5
335;Xavier, Francisco C.;FEB;A caminho da luz;Filosofia;1
336;Imbassahi, Carlos B.;FEB;A mediunidade e a lei;Filosofia;1
337;Kundera, Milan;Editora;A insustentável levesa do ser;Romance;1
338;Xavier, Francisco C.;IDE;Gabriel;Mensagem Familiar;1
339;Franco, Divaldo Pereira;Alvorada;Pelos caminhos de Jesus;Evangélico;1
340;Alves, Nércio Antonio;Lenico;Reparando faltas;Dissertação;2
341;Xavier, Francisco C.;FEB;Nos domingos da mediunidade;Mediunidade;3
342;Franco, Divaldo Pereira;Alvorada;Oferenda;Dissertação;1
343;Barreto, Carmem;Petit;As melhores respostas do imbassahi;Dissertação;1
344;West, Moris; ;A sandalia do pescador;Romance;1
345;Regis, Jaci;;A mulher da dimensão espirita;Dissertação;1
346;Xavier, Francisco C.;FEB;Pontos e contos;Contos e Crônicas;1
347;Tamassia, Mario B.;FEB;A mãe que desistiu do céu;Contos e Crônicas;2
348;Kuhl, Eurípedes;Petit;Animais nossos irmãos;Científico;1
349;Camargo, Célia Xavier;O Clarim;Perante Deus;Vida no além;3
350;Simonetti, Richard;CEAC;O vaso de porcelana;Romance;2
351;Carneiro, Luiz Carlos;Lake;Laços de amor e ódio;Romance;1
352;Kuhl, Eurípedes;Petit;Sempre há uma esperança;Romance;1
353;Maupassant, Guy De.;Clube do Livro;A inconstante;Romance;1
354;Xavier, Francisco C.;IDE;Chão de flores;Trovas;1
355;Tamassia, Mario B. e Henrique Rodrigues;;Em busca da matéria;Científico;1
356;Ó, Fernando do;FEB;Alguém chora por mim;Romance;2
357;Paiva, Ayton;São João;O espiritismo e a politica para nossa sociedade;Científico;1
358;Dubugras, Elisie;Fed Esp brasileira;Renoir e você;Biografia e entrevista;2
359;Jacinto, Roque;FEB;A raínha Anel;Infantil;1
360;Moreli, Jaci;Espirita Cinta;A vovó sabe tudo;Infantil;1
361;Oliveira, Fausto;;Meu anjo;Espiritualista;1
362;Gasparetto, Zibia;Espaço;Pelas portas do coração;Romance;4
363;Gasparetto, Zibia;Espaço;Esmeralda;Romance;3
364;James, Henry ;;Os inocentes;Romance;1
365;Simonetti, Richard;FEESP;Tempo de despertar;Dissertação;1
366;Bastos, Demétrio Pavel;IM;Alô coração;Infantil;1
367;Martins, Celso;Do lar;Caminho de luz;Dissertação;1
368;Franco, Divaldo Pereira;Alvorada;Há flores no caminho;Dissertação;1
369;Franco, Divaldo Pereira;Alvorada;Responsabilidade;Dissertação;1
370;Alves, Nércio Antonio;Lenico;Mãos de Esperança;Dissertação;1
371;Carvalho, Camilo;Lake;Organização de centros espíritas;Doutrina;1
372;Santos, Jamiro Filho;EMC;Vida a dois;Dissertação;1
373;Maurier, Daphne Du;;Rebeca;Romance;1
374;Gide, André;;Os frutos da terra;;1
375;Carvalho, Vera Lúcia Marinzeck;Petit;Reconciliação;Romance;2
376;Xavier, Francisco C.;FEB;O espirito de Cornélio Pires;Poesias e Trovas;1
377;Gama, Zilda;Fed Esp Bras;Dor suprema;Romance;1
378;Peralva, Martins ;FEB;Estudando o evangelho;Mediunidade;3
379;Franco, Divaldo Pereira;Editora;Após a tempestade ;Dissertação;1
380;Machado, Leopoldo;O Clarim;Uma grande vida;Biografia entr;1
381;Imbassahi, Carlos B.;O Clarim;Memórias pitorescas do meu pai;Romance;1
382;Garcia, Wilson;E.M.E;Você e o passe;Dissertação;1
383;Tamassia, Mario B.;Dag;Os mortos acordam vivos;Contos e Crônicas;2
384;Schutel, Caibar;O Clarim;Médiuns e mediunidade;Mediunidade;1
385;Xavier, Francisco C.;FEB;O consolador;Filosofia;1
386;Francini, Walter;Fed Esp brasileira;Doutor Esperanto;Romance;1
387;Marchal, Padre V.;FEB;O espiríto consolador;Filosofia;1
388;Vascocellos, Marilusa M.;RADHN;Benedito do amor divino;Infantil;1
389;Cunha, Langerton Neves;Vitoria;O educador;Biografia e entrevista;1
390;Xavier, Francisco C.;CEC;Opinião Espírita;Dissertação;2
391;Sampaio, F. L. Bitencourt;FBE;A Divina Epopéia;Poema e Trova;1
392;Gama, Zilda;Fed Esp Bras;Na sombra e na luz;Romance;1
393;Bozzano, Ernesto;Fed Esp brasileira;Pensamento e vontade;Cientifico;1
393;Teixeira, Elzita L.;O Clarim;A mansão do resgate;Romance;1
394;Xavier, Francisco C.;FEB;Rumo certo;Dissertação;1
395;Xavier, Francisco C.;IDE;Ninguém morre;Mensagem Familiar;1
396;Xavier, Francisco C.;FEB;Contos e apólogos;Contos e Crônicas;1
397;Carvalho, Helena M.C.;Graf. Editora;O retorno de Martine;Romance;1
398;Xavier, Francisco C.;FEB;Sinal verde;Meditação;1
399;Lewis, H. Spencer ;Rosa cruz;Mansões da alma;Espiritualista;1
400;Bacelli, Carlos A;;Mediunidade e obsessão;Mediunidade;1
401;Xavier, Francisco C.;Pensamento;Alma e coração;Dissertação;1
402;Xavier, Francisco C.;FEB;Há 2000 anos;Romance;6
403;Machado, Irene Pacheco;Recanto;Na hora do adeus;Vida no além;2
404;Mot, Odete de Barros;F.T.D. S/A;Sob a cruz das estrelas;;1
405;Teixeira, J. Raul;Frater;Cantico da juventude;Dissertação;2
406;Paula, Jose A. Vieira;Jornal Imortal;Um minuto com Chico Xavier;Biografia entr;2
407;Pessoa, Cristovan Marques;A.B.C.;O além e o alguém;Dissertação;1
408;Xavier, Francisco C.;Alvorada;E o amor continua;Mensagem Familiar;2
409;Imbassahi, Carlos B.;O Clarim;Quando os fantasmas se divertem;Científico;1
410;Peralva, Martins ;FEB;O pensamento;Dissertação;1
411;Frungilo, Wilson Junior;Inst. Dif. Esp;Ala dezoito;Romance;1
412;Xavier, Francisco C.;FEB;Cartas e crônicas;Contos e Crônicas;1
413;Delane, Gabriel;Fed Esp brasileira;Evolução Animica;Cientifico;1
414;Crawford, W. J.;Caminhos do bem;mecânica psiquica;Espiritualista;1
415;Martins, Celso;Edicel;A obsessão e seu tratamento espírita;Mediunidade;1
416;Amorin, Deolindo;Serena Ltda;Ponderações doutrinárias;Dissertação;1
417;Curti, Rino;Feesp.;Espiritismo e evolução;Cientifico;1
418;Andrade, Hernani Guimarães;O Clarim;Reencarnação no brasil;Cientifico;1
419;Rosin, Zilda Giunchetti;I.M.;Morte e libertação;Mensagem Familiar;1
420;Carvalho, Vera Lúcia Marinzeck;Petit;Escravo Bernardino;Romance;1
421;Carvalho, Vera Lúcia Marinzeck;Petit;Copos que andam;Romance;2
422;Camargo, Célia Xavier;Lisgráfica;Preciso de Ajuda;Romance;1
423;Carvalho, Vera Lúcia Marinzeck;Petit;Cativos e libertos;Romance;2
424;Carvalho, Vera Lúcia Marinzeck;Petit;Violetas na janela;Romance;7
425;Magdalena, José Carlos;O Clarim;Quando renasce o amor;Romance;1
426;Vasconcello, Marilusa M.;IDE;Com a palavra a criança;Infantil;1
427;Novaes, adenaner;F.L.H.;Reencarnação;Dissertação;1
428;Carvalho, Vera Lúcia Marinzeck;Petit;Perante a eternidade;Vida no além;1
429;Miranda, Herminio C.;Lachâtre;Nossos filhos são Espíritos;Dissertação;2
430;Oliveira, Terezinha;EME;Fluídos e passes;Dissertação;1
431;Martins, Celso;E.M.E;Problemas espirituais;Dissertação;1
432;Machado, Irene Pacheco;;O voô mais allto;Vida no além;2
433;Simonetti, Richard;CEAC;Paz na terra;Dissertação;1
434;Goudge, Elizabeth;O Clarim;A janela do meio;Romance;1
444;Xavier, Francisco C.;IDE;Irmã Vera Cruz;Mensagem Familiar;1
445;Carvalho, Vera Lúcia Marinzeck;Petit;Nós os jovens;Romance;1
446;Simonetti, Richard;FEB;A voz do monte;Dissertação;2
447;Bacelli, Carlos A . ;E/ Vitoria;A . B. C. da mediunidade;Mediunidade;1
448;Toledo, Wenefredo de;FEB;Passes e curas espirituais;Mediunidade;2
449;Braga, Ismael Gomes;Fed Esp brasileira;O livro de Tobias;Dissertação;1
450;Lobo, Ney;FEB;O diplomata da unificação e o paladino Est. leigo ;Biografia entr;1
451;Carneiro, Vitor Ribas;Fed Esp brasileira;A . B. C. do espiritismo;Mediunidade;1
452;Bernardi, Ricardo Di.;Universalista;Dos faraós à física quântica;Espiritualista;2
453;Thomason, George;Casa Públ Bras;Inimigos da humanidade;;1
454;Franco, Divaldo Pereira;Alvorada;Calvário da libertação;Romance;1
455;Schindler, Jhon A.;EDP;Como viver 365 dias por ano;Alta estima;1
456;Bhaktiveclanta C.;Boot Irust;Retornando a Ciencia da Reencarnação;Mediunidade;1
457;Xavier, Francisco C.;IDE;Encontros no tempo;Biografia entr;1
458;Xavier, Francisco C.;V. Roth;Deus aguarda;Meditação;1
459;Xavier, Francisco C.;FEB;Contos desta e de outras vidas;Contos e Crônicas;1
461;Ó, Fernando do;FEB;Uma luz no meu caminho;Romance;2
462;Sass, Roseli Von ;Circulo do livro;O livro do juízo final;Espiritualista;1
463;Franco, Divaldo Pereira;Fed Esp Bras;Tramas do destino;Romance;1
464;Rochester, J. W. ;FEB;O chanceler de ferro;Romance;3
465;Denis, Leon;Fed Esp brasileira;Joana D`Arc;Romance;1
466;Frungilo, Wilson Junior;Inst. Dif. Esp;O senhor das terras;Romance;2
467;Surinach, José;FEB;Lídia;Romance;2
468;Rochester, J. W. ;FEB;A vingança do Judeu;Romance;2
469;Rochester, J. W. ;FEB;Romence de uma raínha (vol 01 e 02);Romance;1
470;Bach, Richard;Record;Ilusões;Espiritualista;2
471;Machado, Irene Pacheco;Linha Graf. Edit;Os Miosótes voltam a florir;Vida no além;2
472;Xavier, Francisco C.;FEB;Paulo e Estevão;Romance;3
473;Rignonalti, Eliseu ;Pensamento;O evagelho das recordações;Dissertação;1
474;Frungilo, Wilson Junior;Inst. Dif. Esp;O camafeu;Romance;3
475;Santo Neto, Francisco do Espírito;Boa Nova;Renovando atitudes;Evangélico;3
476;Xavier, Francisco C.;;A vida fala;Infantil;1
477;Santo Neto, Francisco do Espírito;Boa Nova;As dores da lama;Evangélico;3
478;Quintão, Manoel ;FEB;O Cristo de Deus;Mediunidade;1
479;Recamiotte, M. Ivone;FEB;A força do destino;Romance;2
480;Armond, Edgard;Aliança;A dupla personalidade;Romance;1
481;Meyer, Antonieta V.;I.D.E.;Tragetória de uma alma;Romance;2
482;Silva, Alyde Assunção;Feesp.;Intercambio;Vida Além;3
483;Franco, Divaldo Pereira;Alvorada;A venenrada Joana D` Angelis;Biografia;1
484;Franco, Divaldo Pereira;Alvorada;Elucidações espiritas;Biografia e entrevista;1
485;Pietrone, Patrich ;Summos Editorial;Viver holístico;Espiritualista;1
486;Teixeira, J. Raul;Posigraf;Vozes do infinito;Dissertação;1
487;Maia, João Nunes;E.C.F.Viva;Chão de rosas;Dissertação;1
488;Camargo, Célia Xavier;O Clarim;Mamãe estou aqui;Vida no além;1
489;Xavier, Francisco C.;GTI ;Luz bendita;Mensagem Familiar;1
490;Redfield, James ;Objetiva;A décima profecia;Espiritualista;1
491;Tamassia, Mario B.;Lake;O professor de Zurique;Filosofia;2
492;Xavier, Francisco C.;Andre Luiz;Maria Dolores;Poesia e trova;1
493;Xavier, Francisco C.;EDE;Entender conversando;Biografia entr;1
494;Simonetti, Richard;EDE;Endereço certo;Contos e Crônicas;1
495;Gasparetto, Zibia;Fed Esp Bras;Entre o amor e a guerra;Romance;3
496;Martins, Celso e Rodrigue, Antonio;A.B.C.;Na rota do ano 2000;Mediunidade;1
497;Martins, Celso;Edicel;A delicada questão da vida;Mediunidade;2
498;Alves, Nércio Antonio;Lenico;Piedade;Dissertação;1
499;Vieira, Waldo;FEB;Bem aventurados os simples;Contos e Crônicas;1
500;Xavier, Francisco C.;CEU;Linha 200;Poesia e trova;1
501;Xavier, Francisco C.;CEC;Livro da esperança;Dissertação;2
502;Xavier, Francisco C.;CEC;Palavras da vida eterna;Evangélico;2
503;Xavier, Francisco C.;FEB;Sexo e destino;Vida no além;1
504;Xavier, Francisco C.;Lake;Palavras do infinito;Vida no além;2
505;Xavier, Francisco C.;IDE;Leadade;Mensagem Familiar;2
506;Xavier, Francisco C.;O Clarim;Escrinio de luz;Dissertação;1
507;Xavier, Francisco C.;GEEM;Benção da paz;Evangélico;1
508;Xavier, Francisco C.;IDE;Enxugando lágrimas;Mensagem Familiar;2
509;Rochester, J. W. ;IDE;Narrativas ocultas;Romance;1
510;Rochester, J. W. ;Lirios;Cornélius ;Romance;1
511;Franco, Divaldo Pereira;Didier;Sendas luminosas;Filosofia;1
512;Franco, Divaldo Pereira;Leal;Mediuns e mediunidade;Mediunidade;1
513;Gama, Zilda;Lake;O solar de Apolo;Romance;1
514;Gama, Zilda;Fed Esp Bras;Redenção;Romance;1
515;Chiaro, Amilcar del Filho;Minas;Chão de estrelas;Romance;3
516;Camargo, Célia Xavier;O Clarim;A eterna mensagem do monte;Evangelico;3
517;Machado, Irene Pacheco;Linha Graf. Edit;Dois mundos tão meus;Vida no além;2
518;Velino, Corina no;LDE;Eurípedes - o homem e a missão;Biografia entr;1
519;Weiss, Brian;Salamandra;A cura através da terapia de vidas passadas;Espiritualista;2
520;Trevisan, Pe. Celestino;;Uma noite no deserto;Espiritualista;1
521;Artmann, Elizabeth;Petit;Os segredos do casarão;Romance;1
522;Viana, Isolina Bresolim;O Clarim;O sequestro;Romance;2
523;Moura, Fátima;CELD;Vencendo as barreiras do infinito;Romance;1
524;Neto, Paiva;Elevação;Somos todos profetas;Espiritualista;1
525;Andrade, Jaime;E.M.C.;Espiritismo e as Igrejas reformadas;Dissertação;2
526;Formiga, Eurícledes;Alvorada;Olá amigos;Dissertação;1
527;Garcia, Wilson;E.M.E;Chico, Você é Kardec?;Biografia entr;1
528;Fox, Emmet;Record;O sermão da montanha;Evangelico;1
529;Jacinto, Roque;Luz no Lar;Desenvolvimento mediúnico;Mediunidade;1
530;Mendonça, Geronimo;Prol;Escalada de luz;Dissertação;2
531;Teixeira, J. Raul;Frater;Vereda Familiar;Dissertação;2
532;Martins, Celso;Lar;Recordando Deolim do Amorim;Dissertação;1
533;Formiga, Eurícledes;Inst. Dif. Espirita;Construções do espirito;Dissertação;1
534;Alves, Nércio Antonio;Rumd;Quem são meus pais, quem são meus irmãos;Filosófico;1
535;Proença, Vera lucia;;Quebrando corrente;Romance;1
536;Silva, José Thomas sobrinho;Lake;Luta redentora;Romance;1
537;Mario, Marcos Alberto de ;O Clarim;Visão espirita da educação;Filosofia;1
538;Carvalho, Helena M.C.;Tulio;Mas, você não morreu?;Dissertação;1
539;Schubert, Sueli Calda;Odier;Mediunidade;Mediunidade;1
540;Pereira, Yvonne A.;FEB;Recordações da mediunidade;Mediunidade;1
541;Pereira, Yvonne A.;FEB;Nas tela do infinito;Romance;1
542;Flammarion, Camille;Fed Esp brasileira;O fim do mundo;Cientifico;1
543;Pazian, Humberto;Letras e Textos;O Fim do mundo;Filosofia;1
544;Puglia, Silvia C. S.;FESP;Curso P. Dirigente e monitores;Estudo;1
545;Ó, Fernando do;FEB;Marta;Romance;1
546;Horbylon, Margarida F.;Minas;Marcas do amor;Romance;2
547;Bacelli, Carlos A;Didier;Mediunidade corpo e alma;Mediunidade;1
548;Guiot, Alain Giséle;Madras;A verdade revelada para Kardec;Doutrinário;1
549;Santo Neto, Francisco do Espírito;Boa Nova;Conviver e melhorar;Filosófico;2
550;Nazareth, Joamar Zanolini;Minas;Um desafio chamado familia;Dissertação;2
551;Armond, Edgard;Aliança;Mediunidade;Mediunidade;1
552;Xavier, Francisco C.;FEB;Renuncia;Romance;3
553;Camargo, Célia Xavier;O Clarim;Perdoa;Romance;3
554;Camargo, Célia Xavier;Boa Nova;De volta ao passado;Romance;5
555;Camargo, Célia Xavier;O Clarim;Mansão dos lilases;Romance;2
556;Moraes, Nelson;Editora;Quando o amor é eterno;Romance;1
557;Bach, Richard;Record;A ponte para o sempre;Romance;1
558;Rochester, J. W. ;Sociedade Esp Lorenz;A força do amor;Romance;1
558;Russo, José ;Nova Era;Herança do pecado;Dissertação;2
559;Rohden, Humberto;Freitas Bastos;Paulo de Tarso;Biografia;1
560;Glaser, Abel;Nova alvorada;A inquisição;Romance;1
561;Glaser, Abel;O Clarim;Fundamentos da reforma intima;Dissertação;1
562;Vieira, Waldo;O Clarim;Sol nas almas;Dissertação;1
563;Paixão, Wagner Gomes;U.E.M.;Espirito e verdade;Dissertação;1
564;Demarchi, Antonio;Lumem;Além do infinito azul;Romance;1
565;Oliveira, Maria A. A. de;Nova Era;Retalhos da vida;Romance;2
566;Rodrigues, Wallace Leal V.;O Clarim;Remotos cânticos de Belém;Romance;1
567;Loureiro, Carlos Bernado;Mnenrio Tulio;O túneo e a luz;Filosofia;1
568;Miranez, ;Fonte Viva;Francisco de Assis;biografia;1
569;Carvalho, Vera Lúcia Marinzeck;Petit;Deficiente mental;Vida no além;3
570;Fox, Sam Keen, Anne valley;Cultix;A jornada mítica de cada um;Espiritualista;1
571;Borysenko, Juan;Cultix;Na plenitude da Alma;Espiritualista;1
572;Lean, Perry Mc;Pensamento;Contatos com os anjos da quarda;Espiritualista;1
573;Ygakrismanda, molinero ;Parma;Angelatria;Espiritualista;1
574;Simonetti, Richard;IDE;Atravessando a rua ;Dissertação;1
575;Cajazeiras, Francisco ;Menino Julio;Bioética;Filosófico;1
576;Rizzini, Jorge;Dag;Eurípedes B. o apóstolo da caridade;Biografia;1
577;Diversos, autores;Fed Esp brasileira;A destinação do brasil;Dissertação;1
578;Lima, Antonio;FEB;A caminho do abismo;Romance;1
579;Cruz, Maury Rodrigues;SBEE;Meditação - o silencio interior;Dissertação;1
580;Vascocello, Marilusa M.;RADHN;Desconte um conto;Contos e Trovas;1
581;Ó, Fernando do;FEB;Almas que voltam;Romance;1
582;Simonetti, Richard;O Clarim;Não pise na bola;Dissertação;1
583;Cunha, Langerton Neves;Vitoria;O ministério da família;Dissertação;1
584;Nee, Watchman;Àrvore da Vida;O sentido da vida;Espiritualista;1
585;Xavier, Francisco C.;GEEM;Doutrina de luz;Dissertação;1
586;Xavier, Francisco C.;GEEM;Somos seis;Mensagem Familiar;2
587;Xavier, Francisco C.;Ideal;Agora é o tempo;Meditação;3
588;Godoi, Paulo Alves de;Fed Esp SP;Crônicas evangelicas;Evangélico;1
589;Jacinto, Roque;Luz no Lar;Jesus e o amigo de Betânia;Evangélico;1
590;Machado, Irene Pacheco;Ler;Amigo e mestre;Evangélico;2
591;Machado, Irene Pacheco;Linha Graf. Edit;Liríos colhidos;Vida no além;2
592;Fritsch, Dauny;Lake;Lendas orientais;Dissertação;1
593;Dibo, Dulcídio;;Brasil 500 anos - hist. Espiritual panorama;;1
594;Chaves, José Reis;Martin Claret;A reencarnação, segundo a biblia e a ciencia;Dissertação;1
595;Amaral, Lygia Barbiére, ;Lachâtre;O jardim dos Girassois;Romance;1
596;Goldsmith, Joel S.;Cultrix;O suprimento invisível;Espiritualista;1
597;Frungilo, Wilson Junior;Inst. Dif. Esp;Luar pelegrino (série 01 até 10);Romance;1
598;Oliveira, Armando F.;EME;Marcas do passado;;3
599;Gasparetto, Zibia;C.D.E.;Espinho do tempo;Romance;3
600;Raniere, R. A.;FESP;Materializações luminosas;Mediunidade;1
601;Tamassia, Mario B.;O Clarim;Você e a mediunidade;Mediunidade;2
602;Simonetti, Richard;C.E.A.C;O céu ao nosso alcance;Dissertação;1
603;Cruz, Maury Rodrigues;SBEE;Amor, linguagem silenciosa da vida;Dissertação;1
604;Cruz, Maury Rodrigues;SBEE;Na luta do cotidiano, a força do amor;Dissertação;2
605;Rizzini, Jorge;Nova Luz;O regresso de Glória;Contos;1
606;Bacelli, Carlos A;Didier;Passo a passo;Meditação;1
607;Xavier, Francisco C.;IDE;Alma e luz;Dissertação;1
608;Bacelar, Dolores;Correio fraterno;As margens do eufrates - o alvorecer da espiritualidade;Romance;1
609;Siegel, Bernie S.;Bert Seller;Amor, medicina e milagres;Espiritualista;1
610;Mcdonald, Kathleen;Pensamento;Como meditar;Espiritualista;1
611;Werneck, Ivan A.;Civilização Bras;O campo psi alfa;Espiritualista;1
612;Moraes, Nelson;Editora;Roqueiro no além;Romance;1
613;Pinheiro, Donizete ;Sonia Maria;Respostas espiritas;Dissertação;1
614;Gasparetto, Zibia;Vida e concienc;O advogado de Deus;Romance;1
615;Camargo, Célia Xavier;O Clarim;Em busca da ilusão;Romance;2
616;Xavier, Francisco C.;IDE;Caravana de amor;Mensagem Familiar;2
617;Franco, Divaldo Pereira;Fed Esp Bras;Conversa fraterna;Dissertação;1
618;Oliveira, Armando F.;EME;Setenta vezes sete;Romance;1
619;Armond, Edgard;Aliança;Os exilados de capela;Espiritualista;1
620;Marthion, Olga ;João Scortecci;Flor de Maria, a professora primária;Romance;1
621;Chopra, deepak;Rocco;O caminho do mago;Espiritualista;1
622;Gasparetto, Zibia;Vida e concienc;O morro das ilusões;Romance;3
623;Montgamery, Ruth;Dist. Record;O aqui e o além;Filosofia;1
624;Ramalho, Mary Rapuci;Artes Graf Piratininga;A Margem da vida;Romance;1
625;Carvalho, Vera Lúcia Marinzeck;Petit;A casa do penhasco;Romance;2
626;Nogueira, Hede Maria;Leopoldo;Retalhos da nossa existencia;Romance;2
627;Paula, Gessy Carísio;De Minas;Ama-me (duas historias);Dissertação;1
628;Dias, Fausto Gonçalves;Edições FCP - Franca;A nova Jerusalém e a 2ª morte no apocalipse;Dissertação;1
629;Berbel, João ;Farol das 3 fronteiras;A tenda das afliçoes;Romance;1
;;;;;
631;Cristina, Deborali;Minas;Novas cartas (Irmão X);Dissertação;1
632;Schutel, Caibar;O Clarim;Parabolas e ensinos de Jesus;Evangélico;1
633;Galdino, Luiz;Quinteto Edit;Nunca diga adeus (não é espirita);Infanto juvenil;1
634;Carvalho, Vera Lúcia Marinzeck;Lumen Editorial;Amai os inimigos;Romance;1
635;Neves, Walace Fernando;Lachâtre;O contador de historias;Juvenil - Infantil - Contos;1
636;Kuhl, Eurípedes;Petit;Os tecelões do destino;Romance;2
637;Lisso, Wlademir e Outros;FEESP;Clonagem à luz do espiritsmo;Científico;1
638;Gautier, Theophile;O Clarim;O ignorado amor;Romance;2
639;Franco, Divaldo Pereira;Alvorada;Compromissos iluminativos;Dissertação;1
640;Hoerner, Valério Júnior;SBEE;Médico do corpo e alma;Biografia;2
641;Vilela, Jane Martins;O Clarim;O gigante deitado;Conto e Cronica;1
642;Gasparetto, Luiz Antonio;Vida e concienc;Tudo pelo melhor, Calunga;Dissertação;1
643;Gasparetto, Luiz Antonio;Vida e concienc;Um dedinho de prosa - Calunga;Dissertação;1
644;Costa, Alceu Filho;Petit;O diário de sofia;Romance;2
645;Bandeira, Pedro;Moderna;Rosa flor & a Moura torta (não é espirita);Infanto Juvenil;1
646;Pires, J. Herculano;Edicel;O espirito e o tempo;Filosofia;1
647;Gertrudes, Maria;Lírio;Algemas douradas;Romance;2
648;Frungilo, Wilson Junior;Inst. Dif. Esp;Livre para voar;Romance;2
649;Terra, Oneida;Boa Nova;Um só coração;Romance;1
650;Vargas, Ana Cristina;Boa Nova;Dramas da paixão;Romance;3
651;Forni, Ricardo Orestes;EME;Voltou pela lei do amor;Romance;1
652;Franco, Divaldo Pereira;Alvorada;Otimismo;Dissertação;1
653;Kilner, Walter J.;Pensamento;A aura humana;Espiritualista;1
654;Armond, Edgard;Lake;Desenvolvimento mediunico - prático;Mediunidade;1
655;Frungilo, Wilson Junior;Inst. Dif. Esp;As luzes do Santelmo;Romance;1
656;Rochester, J. W. ;Lumen;Cobra capela;Romance;1
657;Rochester, J. W. ;Boa Nova;Os luminares Tchecos;;1
658;Societo Lorenz;Sociedade Esp Lorenz;A força do amor;Romance;1
659;Novaes, adenaner;Fund. Lar Harmon;Amor sempre ;Dissertação;1
660;Milleco, Luiz Antonio;Lachâtre;Ecos de São Batorlomeu;Romance;1
661;Valle, Waldo Lima do;JB;O sermão da montanha;Poesia;1
662;Carvalho, Vera Lúcia Marinzeck;Petit;O ultimo jantar;Romance;2
663;Gama, Ramiro;;Lindos casos do evangelho;B. e Entrev;1
664;Soares, Silvio Brito;FEB;Vida e obra de Bezerra de Menezes;Biografia entr;1
665;Xavier, Francisco C.;FEB;Seara dos médiuns;Dissertação;1
666;Machado, Irene Pacheco;Rema;Cascata de luz;Vida no além;1
667;Severino, Paulo Rossi;Fé Edit;Um caminho para a libertação;Romance;1
668;Simonetti, Richard;São João;Um jeito de ser feliz;Dissertação;3
669;Sauvage, Elias;FEB;Mireta;Romance;1
670;Palissy, Codro;FEB;Eleonora ;Romance;1
671;Baruffi, Zelia Carneiro;Eme;Sob o céu de bagdá;Romance;1
672;Lygra, Barbieri Amaral;Lachâtre;A luz que vem de dentro (volume 2);Romance;1
673;Gasparetto, Zibia;Vida e concienc;Sem medo de viver;Romance;1
674;Medeiros, Richy;;Quando ele voltar;Romance;1
675;Vascocello, Marilusa M.;;Sem tempo para chorar;Romance;1
676;Luiz Sérgio Gomes;Petit;Os andarilhos;Romance;2
677;Camargo, Célia Xavier;O Clarim;Erros e acertos;Dissertação;2
678;Silva, Alyde Assunção;Recanto;Ó mundo que encontrei;Vida Além;3
679;Carvalho, Vera Lúcia Marinzeck;Petit;A mansão da pedra torta;Romance;1
680;Sarti, Valeska Perez ;Lumen;O romance de arima;Romance;1
681;Meyer, Antonieta V.;IDE;Calvário redentor;Romance;1
682;Cruz, Maury Rodrigues;SBEE;Mensagens de amor;Mensagens;1
683;Gasparetto, Zibia;Vida e concienc;Ninguém é de ninguém;Romance;1
684;Pereira, Gilvanize Balbino;;Salmos de redenção;Romance;1
685;Marote, Marli Beretta Olim;Panorama;O amor não tem idade;Romance;1
686;Rochester, J. W. ;Conhecimento;O castelo encantado;Romance;1
687;Lourenço, Sérgio;Cultura Esp;Coragem do testemunho;Dissertação;1
688;Rochester, J. W. ;Allan Kardec;Episódio da vida de Tibério;Romance;1
689;Menezes, Romário;DPL;Terapias da pertubações espirituais;Mediunidade;1
690;Franco, Divaldo Pereira;Leal;Vidas em triunfo;Mensagem Familiar;1
691;Jacinto, Roque;;Nossos testemunhos;;1
692;Gama, Zilda;;Do calvário ao infinito;;1
694;Guarino, Gilberto Campista;Arte Cultura;É Quase Amanhã;Dissertação;1
695;Machado, Ivam Leopoldo Machado;Editora;Contos da juventude;Contos;1
696;Gasparetto, Zibia;Vida e concienc;Quando é preciso voltar;Romance;1
697;Terra, Oneida;Boa Nova;Sob a luz da verdade;Romance;1
698;Delane, Gabriel;Fed Esp brasileira;A alma é imortal;Cientifico;1
699;Xavier, Francisco C.;GEEM;Calma;;1
700;Phulmann, Maria A. F.;Batuira;Olhai as aves do céu;Dissertação;1
701;Kuhl, Eurípedes;;Saara palco de redenção;;1
703;Forni, Ricardo Orestes;EME;Reconcilia - te primeiro;Romance;3
704;Gasparetto, Zibia;;Quando chega a hora;Romance;1
705;Marislei Esp. Brasileiro;Poliditora;O guardião do tempo;Romance;1
706;Machado, Lia Márcia;EME;Um fantasma de peso;Romance;1
707;Maia, João Nunes;E.C.F.Viva;Jesus voltando;Dissertação;2
708;Maia, João Nunes;;Cinquenta epístolas;;1
709;Leão, Maria da Graça;EME;O sol nasce para todos;;1
710;Nogueira, Hede Maria;Leopoldo;Espelho da eternidade;Romance;2
711;Oliveira, João G. de;Imprensa do pé;Justiça direito e misericórdia;Romance;1
712;Armond, Edgard;Editora Seraica;O redentor;Espiritualista;1
713;Paiva, Neto;Elevação;Apocalipse sem medo;Espiritualista;1
714;Carmargo, Roberto;Panorama;Das areias da Praia às Estrelas;Romance;1
715;Carneiro, Sandra;Viva Luz Editora;Cinzas do Passado;Romance;1
716;Medeiros, Richy;;Pelo amor ou pela dor;;1
717;Canutti, A . Wanda;;O amor sempre vence;Romance;1
718;Ruiz, André Luiz;Lumen;O amor jamais te esquece;Romance;1
719;Nazaré, Maria Dória;Lumen;Amor e ambição;Romance;1
720;Zamariam, Walter;Grafica Lider;Rosas ao vento;Poesia;1
721;Xavier, Francisco C.;;Caminhos do amor;Poesias;1
722;Teixeira, Elzita L.;IDE;O sonho de um cabloco;Romance;1
723;Cézar, Marcelo;Editora Grafica;Medo de amar;Romance;1
724;Florêncio, Viviane Claudia;Editora Panorama;Sublime perdão;Romance;2
725;Damas, Glauco;O Clarim;Meu filho, minha escolha;Romance;1
726;Conhada, Cleide Martins;Boa Nova;A eterna busca da cura;Romance;1
727;Franco, Divaldo Pereira;Editora Leal;O homem integral;Romance;1
728;Pereira, Yvonne A.;FEB;Sublimação;Dissertação;1
729;Maíru, Marcos Antonio;Editora Irnemio;Renascer das emoções;Dissertação;1
730;Capalbo, Elly da Costa;IDE;Estrelas no asfalto;Romance;1
731;Pereira, Yvonne A.;FEB;Amor e ódio;Romance;3
732;Machado, Irene Pacheco;Ipiranga;Ninguém está sozinho!;Romance;1
733;Nogueira, Hede Maria;Editora;Pegadas a caminho da evolução;;1
734;Franco, Divaldo Pereira;Fed Esp Bras;Luz viva;Mediunidade;1
735;Romagnolli, Lida Morais;O Clarim;Eco do passado;;1
736;Azevedo, Assis;O Clarim;A morte não é o fim;Romance;1
737;Bocelli, Carlos;Editora ;Mediunidade;;1
738;Ruiz, André Luiz;IDE;Sob as mãos da misericordia;Romance;1
739;Fonseca, Ribamar;DPL;Amor além da vida;Romance;1
740;Carvalho, Vera Lúcia Marinzeck;Petit;O sonambulo;Romance;1
741;Pinheiro, Robson;;Faz parte do meu show;;1
742;Fernandes, V. Heleny;;Sob o olhar de virgínia Palermo;Romance;1
743;Granella, Wilson;;Por favor, ajude-me a ser feliz;Romance;1
744;Castro, Monica;;Com amor não se brinca;Romance;2
745;Canutti, A . Wanda;EME;Mariana ou Marie-Ane?;;1
746;Rocha, Helda Pirra;;Condenado sem apelação;;1
747;Felipo, Artur de;;Foi por amor;;1
748;Ruiz, André Luiz;IDE;A força da bondade;;1
749;Sícare, Valéria Nascimento;Petit;O bem sempre triunfa;;1
750;Alonso, Ismael;Graf. Stard Editora;Medicina do além;;1
750;;;;;
751;Machado, Eliane Correia;;Sem regras para amar;;1
752;Azevedo, Assis;O Clarim;Sublime missão;;1
753;Magalhães, Ricardo;Nova Luz;Um passado bem presente;;1
754;Bacelli, Carlos A;;Sob as cinzas do tempo;Romance;2
755;Coelho, Paulo;Rocco;Dom supremo;;1
756;Novaes, adenaner;FLH;Sonhos mensagem da alma ****;Filosofia;1
757;Amaral, Lygia Barbiére, ;Lachâtre;O sono dos Hibiscos;Romance;1
758;Gasparetto, Zibia;Vida e concienc;Um amor de verdade;Romance;2
759;Gasparetto, Zibia;;Tudo valeu a pena;Romance;2
760;Oliveira, Ivo;;Lembranças de morto vivo;Romance;1
761;Salles, Adenilson S.;Minas;Até que a morte nos reúna;;1
762;Machado, Irene Pacheco;;Mais além do meu olhar;Romance;1
763;Bradley, Marion Zimmer;Imago;As Brumas de Avalon (volume 01e 02);Romance;1
764;Sícare, Valéria Nascimento;Minas;Amor fé e redenção;;1
765;Souza, Juvenir Borbes de ;Copilação;O que dizem os espíritos sobre o aborto;Dissertação;1
766;Godoy, Adalberto;;A terceira viagem;;1
767;Carvalho, Vera Lúcia Marinzeck;Petit;O jardim das rosas;Romance;1
768;Medeiros, Richy;;A passagem;;1
770;Biaggio, Ismael;;Cintia;Romance;1
771;Canutti, A . Wanda;EME;Medida drática;Romance;1
772;Kirkwood, Anne;;Lições de amor maensagem de Maria;Espiritualista;1
773;Kirkwood, Anne;;Mensagens de Maria para o mundo;Espiritualista;1
774;Kirkwood, Anne;;Mensagens de Maria para a família;Espiritualista;2
775;Meyer, Antonieta V.;Id Editora;Duas vidas ;Romance;1
776;Canutti, A . Wanda;;Em nome de Deus;;1
777;Kuhl, Eurípedes;;Uma partida de amor;Romance;1
778;Carvalho, Vera Lúcia Marinzeck;Petit;O céu pode esperar;Romance;1
779;Teixeira, L. Elzita;Frater;Quem é o Cristo;Evangélico;2
780;Breve, Rucemara;;Retorno ao pricípio;Romance;1
782;Sena, Cristina;;O amor é para sempre;Romance;1
783;Maier, Marcel Souto;;As lições de Chico Xavier;Romance;1
784;Miranda, Herminio C.;;Atendimento fraterno;Estudo;1
785;Miranda, Herminio C.;Correio Fraterno;O Exilado;Mediunidade;1
786;Martins, Marcia F.;;Só o amor liberta;Romance;1
787;Pereira, Yvonne A.;FEB;A luz do consolador;Dissertação;1
788;Innocencio, Adriana;Petit;Desafios de gente jovens;Romance;1
789;Xavier, Francisco C.;;O espetáculo continua Tinterio;Infantil;1
790;Mamede, Neio Lucio;Minas;Abismo de paixões;Romance;
791;Jorge, Alcirra Ferreira;;O despertar da espiritualidade;Dissertação;
792;Andreia, Jorge;;Forças sexuais da alma;Cientifico;1
793;Vieira, Waldo;;De coração para coração;Mensagem Familiar;1
794;Denis, Leon;Petit;O problema do ser - 01 - V (coleção);Filosófico;1
795;Rocha, Iris, Paula;;O sol da liberdade;;2
796;Souza, Cezar Carneiro;;Encontro com Chico Xavier;Dissertação;1
797;Gasparetto, Zibia;;Pare de sofrer;Romance;1
798;Machado, Irene Pacheco;Rema;Deixe-me viver;Romance;1
799;Carvalho, Vera Lúcia Marinzeck;Petit;Aqueles que amam;Romance;1
800;Fritsch, Dauny;;O estranho pedido;Romance;1
801;Franco, Divaldo Pereira;;Os diamantes fátídicos;Romance;1
802;Tozzi, Sônia;;Somos todos aprendizes;Romance;2
803;Sarti, Valeska Perez ;Lumen;Colina dos pardais;Romance;1
804;Feraudy, Roger;Conhecimento;Um anjo está nas ruas;Romance;1
805;Coelho, Eliana Machado;Feesp.;Sem regras para amar;Romance;2
806;Canutti, A . Wanda;;Almas a caminho da redenção;Romance;1
807;Denis, Leon;Fed Esp brasileira;Depois da morte;Filosófico;2
808;Wetzstein, Mauren R. M.;;Nos campo da França;;1
809;Salvador, Maria;;Testemunhos de amor;Romance;1
810;Leloup, Jean Yves;;Amar apesar de tudo;;1
811;Coelho, Eliana Machado;Feesp.;Um motivo para viver;Romance;1
812;Castro, Monica;;Sentindo na propria pele;;1
813;Machado, Irene Pacheco;Printer;Driblando a dor;Vida no além;1
814;Coelho, Eliana Machado;Feesp.;Despertar para a vida;Romance;1
815;Doutrina Roteiro p/ estudo;Fed Esp brasileira;Mediunidade - Cleia Josua da Luz;;1
816;Xavier, Francisco C.;Ideal;Respostas da vida;Meditação;1
817;Silva, Alyde Assunção;Ipiranga;Novas mensagens;Vida Além;1
818;Franco, Divaldo Pereira;Alvorada;Espelho D`Alma;Crônicas;3
819;Machado, Irene Pacheco;Ipiranga;Conciência;Vida no além;2
820;Schmitt, Carlos Afonso;Paulinas;Amor de sete fases;Poema;1
821;Xavier, Francisco C.;CEC;Esperança e alegria;Mensagem Familiar;1
822;Xavier, Francisco C.;CEU;Escultores de alma;Meditação;1
823;Xavier, Francisco C.;Editora;Assim Vencerás;Meditação;2
824;Imbassahi, Carlos B.;FEB;O espiritismo à luz dos fatos;Científico;1
826;Xavier, Francisco C.;CEU;Livro de respostas;Meditação;2
827;Xavier, Francisco C.;FEESP;Taça de luz;Dissertação;2
828;Xavier, Francisco C.;IDE;Atenção;Meditação;1
830;Xavier, Francisco C.;CEC;Passos da vida;Meditação;1
831;Xavier, Francisco C.;IDE;O esperanto como revelação;Esperanto;1
832;Xavier, Francisco C.;IDE;Sorrir e pensar;Poesia e trova;1
833;Xavier, Francisco C.;FEB;Pensamento e vida;Dissertação;1
834;Xavier, Francisco C.;IDE;Hora de luz;Mensagem Familiar;2
835;Xavier, Francisco C.;IDE;Caridade;Dissertação;1
836;Xavier, Francisco C.;FEB;Mensagem do pequeno morto;Infantil;1
837;Palacios, Isidro Juan;Nova Era;Aparições de Maria;Espiritualista;1
838;Alves, Nércio Antonio;;Os abortados;Dissertação;1
839;Boechat, Neuton;Fed Esp brasileira;Ide e pregai;Dissertação;2
840;Holzmann, Ruy;;Contos de lá e de cá;;1
841;Franco, Divaldo Pereira;Liv. Esp. Alvorada;Poema de paz;Poesia e trova;1
842;Tavares, Cloves;IDE;De Jesus para os que sofrem;Dissertação;1
843;Rampa, T. Lobsangui;Record;A terceira visão;Espiritualista;1
844;Jacinto, Roque;Luz no Lar;Mensagens para você;;1
845;Armond, Edgard;Aliança;O estranho caso de Rose Ramires;Mediunidade;1
846;Franco, Divaldo Pereira;Liv. Esp. Alvorada;Alerta;Dissertação;1
847;Alves, Canuto;Fed Esp brasileira;Bezerra de Menezes;Biog e entrev;1
848;Martins, Celso;Edicel;Por um mundo melhor;Contos e Crônicas;1
849;Carvalho, Vera Lúcia Marinzeck;Petit;O misterio do sobrado;;2
851;Franco, Divaldo Pereira;Madras;Portugal e as vozes do além;Dissertação;1
852;Franco, Divaldo Pereira;;Homem integral;Dissertação;1
853;Folker, Rita;;Lembrança de outra vida;;1
854;Dutra, Ivan;;Novos contos da juventude;;1
855;Cristina, Ana V.;IDE;Escravo da ilusão;Romance;2
856;Carneiro, Edison;;Romance Andaluz;Romance;1
857;Godinho, J. S.;Hechk;Apometria;;1
858;Maia, João Nunes;Is;O mestre dos mestres;;1
859;Maia, João Nunes;Lis;O Cristo em nós;;1
860;Cantalcemessa, Raniero;Loyola;Ungidos pelo espírito;;1
861;Maia, João Nunes;Fonte Viva;Iniciação - viagem astral;;1
862;Garcia, J. B.;E.M.E;Verdades da vida;;1
863;Carvalho, Helena M.C.;Mnêmio Túlio;S.O.S espíritos socorrem a terra;;1
864;Menezes, José Milton;Leymarie;Terapias de vida passada e espiritismo;;1
865;Jorge, José;CELD;Antologia do perispírito;Cientifico;1
866;Gasparetto, Zibia;Conto/cronica;Bate-papo com o além;Vida e Conciencia;1
867;Maia, João Nunes;Fonte Viva;Ave Luz;;1
868;Miranda, Herminio C.;Edicel;As mil faces da realidade espiritual;;1
869;Maia, João Nunes;Fonte Viva;Rosa Cristo;;1
870;Cury, Augusto Jorge;Bartira;O mestre da vida;;1
871;Camargo, Célia Xavier;O Clarim;Aves sem ninho;Romance;1
872;Simonetti, Richard;São João;Quem tem medo da obsessão;Espiritismo;1
873;Xavier, Francisco C.;CEU;Tão fácil;Poesia e trova;1
874;Shimitt, Carlos Afonso;Paulinas;Quando a vida é uma festa;Otimismo;1
875;Curti, Rino;FEESP;Escola do divulgador da doutrina espírita;;1
876;Foelker, Rita;EME;Força interior;Temas e Comentários;1
877;Starepravo, Brasilio;;Segredos da realização;;1
878;M. B. Tamissa;Lake;Toinzinho e o anjo Galdino;;1
879;Maia, João Nunes;Fonte Viva;O reino de Deus;;1
880;Maia, João Nunes;Fonte Viva;Alguns ângulos dos ensinos do mestre;Evangélico;1
881;Cruz, Maury Rodrigues;Metrópoles;A espiritualidade ilunina a vida do homem (volume I ao V);;1
882;Anjos, Rose;GEEM;Ah! Se eu soubesse ...;Dissertação;1
883;Xavier, Francisco C.;FEB;Reconforto;Evangélico;1
886;Xavier, Francisco C.;CEC;Antologia mediunica do natal;Poesia;1
887;Xavier, Francisco C.;CEC;O livro da esperança;;1
888;Simonetti, Richard;São João;Uma razão para viver;Dissertação;2
889;Xavier, Francisco C.;Graf. Santa Maria;Roseiral de luz;;1
890;Xavier, Francisco C.;O Clarim;Relatos da vida;Contos e Crônicas;1
891;Xavier, Francisco C.;CEU;A luz da oração;;1
892;Xavier, Francisco C.;FEB;Endereço da paz;Meditação;1
893;Xavier, Francisco C.;FEB;Reportagens de além - túmulo;Contos e Crônicas;1
894;Xavier, Francisco C.;CEC;Retratos da vida;Poesia e trova;1
895;Pereira, Yvonne A.;FEB;A tragédia de Santa Maria;;1
896;Mira, Manoel Philomeno de;Alvorada;Reuniões mediúnicas;Mediunidade;1
897;Palhano, Jr;Auto Grafica;A verdade de Nostradamus;;1
898;Costa, Vitor Ronaldo;O Clarim;Mediunidade & medicina;Mediunidade;1
899;Maia, João Nunes;Fonte Viva;Cirurgia Moral;;1
900;Santo Neto, Francisco do Espírito;Boa Nova;Sol do amanhecer;;1
901;Pires, J. Herculano;Vida e concienc;Obsessão o passe a doutrinação;Mediunidade;1
902;Trigueiriho;Pensamento;Ilhas de salvação;;1
903;"""Escrito por ele mesmo""";Freitas Bastos;Vida de Jesus;;1
904;Teles, Ariston S.;LIS;O mundo de Francisco de Assis;;1
905;Dantas, R. O. ;;Prossiga com otimismo;;1
906;Vascocello, Marilusa M.;RADHU;O filho do Silvério;;1
907;Gurgel, Deífilo;RN Economico;Os bens aventurados;Poesia;1
908;Lorenz, Francisco V.;FEB;A voz do antigo Egito;;1
909;Acquarone, Francisco;Aliança;Bezerra de Menezes - médicos dos pobres;Biografia;1
910;Liguori, Maria Margarida;Escala;Coleção Caminhos Espirituais;;1
911;Berni, Duílio Lena;FEB;Brasil mais além;Filosofia;1
912;Novelino, Corina;IDE;A grande espera;;1
913;Teles, Ariston S.;FEB;Notícias do Cristo;Dissertação;1
914;Bacelli, Carlos A;IDE;Dor e luz;Poesia e trova;1
915;Miranda, Manoel Philomeno de;Alvorada;Atendiemento fraterno;Cientifico;1
916;Valente, Aurélio A. ;FEB;Sessões práticas e doutrinárias do espiritismo;Mediunico;1
917;Schutel, Caibar;O Clarim;A vida no outro mundo;;1
918;Palhano, Jr;Frater;A carta de Tiago;Mensagem ;1
919;Nunes, Américo Domigos Filho;EME;Porque sou espirita;Filosofia;1
920;Xavier, Francisco C.;Samaritanos de Maria;Mãe santissíma;;1
921;Cruz, Maury Rodrigues;SBEE;Espiritismo e exercício mediúnico;;1
922;Gasparetto, Luiz Antonio;Vida e concienc;"""Se ligue"" em você";;1
923;Costa, Roraima Alves da;C. B. do Livro;De encontro a realidade;;1
924;Godoy, Paulo Alves;FEESP;O evangelho pede licença;;1
925;Gasparetto, Zibia;E.V.C.;Pedaços do cotidiano;Contos/cronicas;1
926;Sacramoni, Herminda Parpinelli;Santa Rita Editora;Uma vida, Apenas ...;;1
927;Remen, Rachel Naomi;Vida e concienc;Historias que curam;;1
929;Vargas, Ana Cristina;Boa Nova;O herdeiro;Romance;1
930;Franco, Divaldo Pereira;Alvorada;No longe jardim;Poesia;1
931;Artmann, Elizabeth;Butterfly;Eternamente amigos;Romance;2
932;Centro Espirita Luz Eterna;CELE;Coem - Manual de aplicação;Doutrinario;1
933;Academia Internacional de Letras;AIL;Antologia do adeus;Poesia;1
934;Franco, Divaldo Pereira;Leal;Plenetude;;1
935;Netto, José Tringueirinho;Pensamento;Padrões de conduta para a nova humanidade;;1
936;Xavier, Francisco C.;FEB;Emmanuel;Dissertação;1
937;Ferreira, Elsa Candida;Panorama;Uma nova trajetória;Romance;1
938;Tales, Ariston S.;Livree;Grãos de amor;Prosa;1
939;Coelho, Eliana Machado;Panorama;O brilho da verdade;Romance;2
940;Tavares, Cloves;Lake;A vida de Allan Kardec p/ crianças;Biografia;1
941;Xavier, Francisco C.;FEB;Religião dos espíritos;Dissertação;1
942;Franco, Divaldo Pereira;FEB;Trilhas da libertação;;1
943;Gentile, Salvador;FEB;Depressão cura-te, a ti mesmo;;1
945;Xavier, Francisco C.;FEB;Ceifa de luz;;1
946;Xavier, Francisco C.;FEB;Tempo de luz;Mensagem;1
947;Schutel, Caibar;IDE;Os fatos espíritas e as forças X;Dissertação;1
948;Cruz, Maury Rodrigues;SBEE;Conquista de si mesmo;Mensagem;1
949;Cruz, Maury Rodrigues;SBEE;Aprendendo a ser;Mensagem;1
950;Xavier, Francisco C.;SBEE;Visão nova;Mensagem;1
951;Xavier, Francisco C.;DAG;Doutrina e aplicação;Mensagem;1
952;Xavier, Francisco C.;IDE;Conversa firme;Poesia;1
953;Ó, Fernando do;FEB;A dor do meu destino;;1
954;Miranda, Herminio C.;FEB;Nas fronteiras do além;Dissertação;1
955;Coletanea (autoras diversos );EME;Preces e mensagem espirituais;Mensagem;1
956;Xavier, Francisco C.;O Clarim;Vida e mensagem;Mediunico;1
957;Xavier, Francisco C.;Ceu;Momento de encontro;Poesia;1
958;Cardozo, José Soares;Tempo Novos;Onde esta Deus;Poesia;1
959;Franco, Divaldo Pereira;SPIGE;Heranças do amor;M;1
960;Green, Jeff;Objetiva;O livro de Plutão;Não espirita;1
961;Rocha, Julieta;Edições CELD;Nossos sentimentos;Não espirita;1
962;Mattos, O;Paulinas;Centelhas de infinito;Não espirita;1
963;Mattos, O;CIS;A vida secreta da criança antes de nascer;Não espirita;1
964;Rocha, Isnard;Ébano;O livro de salmos;Não espirita;1
965;Pastorine, C. Torres;Vozes;Sugestões Oportunas;Não espirita;1
966;Weiss, Brian;Salamandra;Meditando com Breian Weiss;Não espirita;1
967;Alberto, José;Vozes;Gotas de esperança e otimismo ;Não espirita;1
968;Marshall Catherine;Betânia;O consolador;Não espirita;1
969;Kazantzakis, Nilson;Círculo;O pobre de Deus;Não espirita;1
630;Xavier, Francisco C.;FEB;Almas em desfile;Contos e Crônicas;2
970;Aldrovandi, Elaine O. C.;EME;Lagrimas de Esperanca;Romance;1
971;Albom, Mitch;Sextante;As cinco pessoas que voce encontra no ceu;Espiritualista;1
972;Sandra Carneiro;Vivaluz;Renascer da esperanca;Romance;1
973;Carvalho, Vera Lúcia Marinzeck;Petit;O Ateu;Romance;1
974;Kardec, Allan;FEB;O Livro dos Mediuns;Doutrinario;1
975;Kardec, Allan;FEB;A Genese;Doutrinario;1
976;Kardec, Allan;FEB;O livro dos espiritos;Doutrinario;1
977;Alayde de Assuncao e Silva;Quick Printer;O mundo que eu encontrei;D;1
978;Rodrigues, Wallace Leal V.;O Clarim;E, para o resto da vida...;Contos Infantil;2
979;Camargo, Célia Xavier;Leopoldo;O menino ambicioso, o servo insatisfeito e outras historias;Infantil;1
980;Oliveira, Therezinha;Alan Kardec;Para Ler e Reler;Crönicas e Poemas;1
981;Carvalho, Vera Lúcia Marinzeck;Petit;O que encontrei do outro lado da vida;Romance;1
982;Fusco, Jose Paulo Alves;EME;A espada e a fe;Romance;1
983;Baruffi, Zelia Carneiro;EME;O sonho de um vencedor;Romance;1
